Password,Money Available,Last Name,ID,Concerts Purchased,First Name,TicketMiner Membership,Username
Fun!23,1159697.17,Bass,417,0,Adam,false,adambass
Fun!23,2484415.98,Maldonado,296,0,Adam,false,adammaldonado
Fun!23,1329016.97,Disney,11,0,Aladdin,true,aladdindisney
Fun!23,1702713.65,Gamez,52,0,Alan,true,alangamez
Fun!23,1570979.69,Morris,249,0,Alejandra,true,alejandramorris
Fun!23,1336987.47,Vega,87,0,Alex,false,alexvega
Fun!23,1017102.04,Cameron,332,0,Alexander,false,alexandercameron
Fun!23,1799509.91,Carter,531,0,Alexander,true,alexandercarter
Fun!23,1625607.71,Kelly,232,0,Alexander,false,alexanderkelly
Fun!23,2733978.82,Wilson,850,0,Alexander,true,alexanderwilson
Fun!23,2856865.5,Cook,958,0,Alexandra,true,alexandracook
Fun!23,2304322.42,Fox,462,0,Alexandra,false,alexandrafox
Fun!23,2817672.19,Robinson,292,0,Alexandra,false,alexandrarobinson
Fun!23,2157205.09,Simpson,781,0,Alexandra,false,alexandrasimpson
Fun!23,2316072.69,Black,771,0,Alexis,true,alexisblack
Fun!23,1927607.8,Ford,251,0,Alexis,false,alexisford
Fun!23,2913597.39,Reta,75,0,Alexis,true,alexisreta
Fun!23,1872986.92,Shea,448,0,Alexis,false,alexisshea
Fun!23,1790899.54,Nouri,38,0,Ali,true,alinouri
Fun!23,2367693.69,Jenkins,384,0,Alicia,true,aliciajenkins
Fun!23,2557465.82,Moran,815,0,Alicia,false,aliciamoran
Fun!23,2514986.65,Hicks,849,0,Alison,false,alisonhicks
Fun!23,1677693.52,Arnold,637,0,Allen,false,allenarnold
Fun!23,1726991.08,Chang,275,0,Allison,true,allisonchang
Fun!23,1277626.61,Cross,403,0,Allison,false,allisoncross
Fun!23,2286419.19,Weaver,731,0,Allison,true,allisonweaver
Fun!23,2889816.51,Kelly,791,0,Alyssa,false,alyssakelly
Fun!23,1580942.1,Poole,674,0,Alyssa,true,alyssapoole
Fun!23,2733943.68,Reese,470,0,Alyssa,true,alyssareese
Fun!23,1076622.04,Smith,592,0,Alyssa,true,alyssasmith
Fun!23,1167995.69,Baker,1037,0,Amanda,false,amandabaker
Fun!23,2089159.9,Johnson,913,0,Amanda,true,amandajohnson
Fun!23,1727154.04,Miller,207,0,Amanda,true,amandamiller
Fun!23,2338075.16,Shepherd,331,0,Amanda,false,amandashepherd
Fun!23,1251457.41,Vang,542,0,Amanda,true,amandavang
Fun!23,2238542.62,Brown,359,0,Amber,true,amberbrown
Fun!23,1979594.66,Conley,943,0,Amber,false,amberconley
Fun!23,2801678.11,Long,619,0,Amber,true,amberlong
Fun!23,2080122.1,Nguyen,608,0,Amber,true,ambernguyen
Fun!23,2895931.18,Sellers,488,0,Amber,true,ambersellers
Fun!23,1817007.24,Bradley,308,0,Amy,true,amybradley
Fun!23,1857330.18,Chase,541,0,Amy,true,amychase
Fun!23,1638821.13,Fuller,968,0,Amy,false,amyfuller
Fun!23,2992860.8,Hall,954,0,Amy,true,amyhall
Fun!23,2527138.23,Mcpherson,502,0,Amy,true,amymcpherson
Fun!23,1894941.31,Morse,895,0,Amy,true,amymorse
Fun!23,2826306.75,Parsons,847,0,Amy,false,amyparsons
Fun!23,1499412.25,Rodriguez,476,0,Amy,true,amyrodriguez
Fun!23,2480195.68,Andrade,940,0,Ana,true,anaandrade
Fun!23,1991973.16,Ramos,899,0,Andre,false,andreramos
Fun!23,2217462.27,Riley,966,0,Andrea,false,andreariley
Fun!23,1063501.42,Atkins,695,0,Andrew,false,andrewatkins
Fun!23,2749126.75,Campos,236,0,Andrew,false,andrewcampos
Fun!23,2600286.3,Garcia,175,0,Andrew,false,andrewgarcia
Fun!23,1178711.06,Hall,1001,0,Andrew,false,andrewhall
Fun!23,2004233.39,Marshall,616,0,Andrew,false,andrewmarshall
Fun!23,2306521.66,Mcclure,612,0,Andrew,false,andrewmcclure
Fun!23,1652992.44,Norris,817,0,Andrew,false,andrewnorris
Fun!23,1051986.52,Parks,201,0,Andrew,true,andrewparks
Fun!23,1278427.82,Torres,583,0,Andrew,false,andrewtorres
Fun!23,2029948.13,Barber,494,0,Angel,true,angelbarber
Fun!23,2598224.54,Joseph,370,0,Angel,true,angeljoseph
Fun!23,1689425.47,Ramos,74,0,Angel,false,angelramos
Fun!23,1628984.13,Carney,743,0,Angela,true,angelacarney
Fun!23,1328796.66,English,1032,0,Angela,false,angelaenglish
Fun!23,2124792.82,Lang,504,0,Angela,false,angelalang
Fun!23,1427583.08,Mcintyre,473,0,Angela,true,angelamcintyre
Fun!23,1980934.08,Walker,543,0,Angela,false,angelawalker
Fun!23,2258924.52,Bruce,269,0,Angelica,false,angelicabruce
Fun!23,2390195.29,Fletcher,752,0,Anita,false,anitafletcher
Fun!23,1289444.91,Stein,404,0,Anita,true,anitastein
Fun!23,2422848.64,Miller,687,0,Ann,false,annmiller
Fun!23,2812405.46,Rogers,819,0,Ann,false,annrogers
Fun!23,1425218.76,Davis,684,0,Anna,false,annadavis
Fun!23,2863225.22,Gutierrez,238,0,Anna,true,annagutierrez
Fun!23,2682297.28,Adams,712,0,Anthony,true,anthonyadams
Fun!23,2354034.27,Barber,594,0,Anthony,true,anthonybarber
Fun!23,2651552.69,Brooks,593,0,Anthony,true,anthonybrooks
Fun!23,1763465.15,Byrd,978,0,Anthony,true,anthonybyrd
Fun!23,1891610.78,Carson,624,0,Anthony,false,anthonycarson
Fun!23,1007883.52,Dalton,460,0,Anthony,true,anthonydalton
Fun!23,2154262.45,Hardin,389,0,Anthony,false,anthonyhardin
Fun!23,1339888.67,Hunter,420,0,Anthony,false,anthonyhunter
Fun!23,1159982.18,Kramer,906,0,Anthony,true,anthonykramer
Fun!23,1328713.76,Moore,659,0,Anthony,true,anthonymoore
Fun!23,2651526.37,Sanchez,167,0,Anthony,true,anthonysanchez
Fun!23,2079590.02,Sims,395,0,Anthony,false,anthonysims
Fun!23,1603516.28,Brooks,360,0,Antonio,false,antoniobrooks
Fun!23,2187064.27,Edwards,604,0,Antonio,true,antonioedwards
Fun!23,2289198.43,Lopez,914,0,April,false,aprillopez
Fun!23,2701463.27,Turner,439,0,April,true,aprilturner
Fun!23,2873637.47,Lara,225,0,Ariana,false,arianalara
Fun!23,2619809.3,Disney,9,0,Ariel,true,arieldisney
Fun!23,2424522.57,Cabrera,47,0,Armando,false,armandocabrera
Fun!23,1088110.82,Evans,147,0,Ashley,false,ashleyevans
Fun!23,1500811.37,Frye,946,0,Ashley,true,ashleyfrye
Fun!23,1227912.26,Gilmore,55,0,Ashley,false,ashleygilmore
Fun!23,1270712.37,Jones,242,0,Ashley,false,ashleyjones
Fun!23,2314064.52,Morales,960,0,Ashley,false,ashleymorales
Fun!23,1018997.26,Romero,139,0,Ashley,false,ashleyromero
Fun!23,2446790.29,Walker,672,0,Ashley,false,ashleywalker
Fun!23,2686806.4,Wilcox,402,0,Ashley,true,ashleywilcox
Fun!23,2791637.66,Disney,14,0,Aurora,true,auroradisney
Fun!23,1360958.55,Griffin,105,0,Austin,false,austingriffin
Fun!23,2141354.86,Lewis,1013,0,Austin,false,austinlewis
Fun!23,2214561.57,Jones,469,0,Barbara,false,barbarajones
Fun!23,1219464.19,Lane,566,0,Barbara,true,barbaralane
Fun!23,1772762.67,Love,896,0,Barbara,false,barbaralove
Fun!23,1338889.37,Robertson,252,0,Barbara,false,barbararobertson
Fun!23,2200670.78,Disney,20,0,Beast,true,beastdisney
Fun!23,1597006.46,Gray,431,0,Becky,true,beckygray
Fun!23,2826892.93,Simpson,957,0,Becky,true,beckysimpson
Fun!23,2674997.26,Disney,21,0,Belle,true,belledisney
Fun!23,2711045.76,Johnson,346,0,Benjamin,true,benjaminjohnson
Fun!23,1655945.2,Ramirez,397,0,Benjamin,true,benjaminramirez
Fun!23,1758550.48,Moss,1009,0,Beth,false,bethmoss
Fun!23,2599719.33,Sharp,634,0,Beth,false,bethsharp
Fun!23,2563486.9,Johnson,120,0,Beverly,false,beverlyjohnson
Fun!23,2218922.97,Bennett,515,0,Bobby,true,bobbybennett
Fun!23,1936511.02,Gonzales,558,0,Bobby,true,bobbygonzales
Fun!23,2796438.6,Patel,91,0,Brad,false,bradpatel
Fun!23,2698092.75,Bell,575,0,Bradley,false,bradleybell
Fun!23,1158479.33,Rodriguez,302,0,Bradley,true,bradleyrodriguez
Fun!23,1128649.74,Daniel,813,0,Brandi,true,brandidaniel
Fun!23,2649837.51,Gordon,482,0,Brandi,true,brandigordon
Fun!23,2626287.79,Dillon,572,0,Brandon,false,brandondillon
Fun!23,2636213.97,Flores,658,0,Brandon,true,brandonflores
Fun!23,2800993.12,Miller,861,0,Brandon,false,brandonmiller
Fun!23,1248152.12,Neal,424,0,Brandon,false,brandonneal
Fun!23,1061439.44,Smith,444,0,Brandon,true,brandonsmith
Fun!23,2267517.78,Valenzuela,545,0,Brandy,false,brandyvalenzuela
Fun!23,1699631.97,Wilkerson,768,0,Brandy,false,brandywilkerson
Fun!23,2051479.71,Douglas,316,0,Brenda,false,brendadouglas
Fun!23,2715251.81,Phillips,910,0,Brendan,false,brendanphillips
Fun!23,1620611.01,Higgins,879,0,Brett,true,bretthiggins
Fun!23,1312612.91,Mathis,945,0,Brett,true,brettmathis
Fun!23,2654368.32,Wallace,880,0,Brett,true,brettwallace
Fun!23,2654604.39,Andrews,124,0,Brian,true,brianandrews
Fun!23,1272596.28,Castillo,262,0,Brian,true,briancastillo
Fun!23,1415440.48,Gates,602,0,Brian,true,briangates
Fun!23,2536148.7,Hayes,343,0,Brian,true,brianhayes
Fun!23,1358503.25,Jacobson,319,0,Brian,true,brianjacobson
Fun!23,1470423.22,Jensen,210,0,Brian,false,brianjensen
Fun!23,2520455.9,Lopez,472,0,Brian,true,brianlopez
Fun!23,2070583.55,Rojas,757,0,Brian,true,brianrojas
Fun!23,2051591.94,Wagner,214,0,Bridget,false,bridgetwagner
Fun!23,1796879.24,Andrews,94,0,Brittany,true,brittanyandrews
Fun!23,2615017.66,Hawkins,119,0,Brittany,false,brittanyhawkins
Fun!23,1666381.2,Nielsen,497,0,Brittany,false,brittanynielsen
Fun!23,2892816.06,Ray,228,0,Brittany,true,brittanyray
Fun!23,1652313.59,Richard,667,0,Brittany,true,brittanyrichard
Fun!23,2782265.17,Weaver,555,0,Brittany,false,brittanyweaver
Fun!23,2434058.35,Daniel,748,0,Brittney,true,brittneydaniel
Fun!23,2697190.42,Maxwell,1034,0,Brooke,true,brookemaxwell
Fun!23,2817967.47,Padilla,255,0,Brooke,false,brookepadilla
Fun!23,2801808.98,Clark,499,0,Bruce,true,bruceclark
Fun!23,2932893.88,Roque,77,0,Bruno,false,brunoroque
Fun!23,2818047.23,Fields,775,0,Bryan,false,bryanfields
Fun!23,1804465.65,Hardy,326,0,Bryan,false,bryanhardy
Fun!23,2368006.27,Massey,1021,0,Bryan,true,bryanmassey
Fun!23,1786619.11,Wise,870,0,Bryan,false,bryanwise
Fun!23,1840588.65,Lightyear,17,0,Buzz,true,buzzlightyear
Fun!23,1937443.37,Hook,27,0,Captaiin,true,captaiinhook
Fun!23,1252565.05,Foley,689,0,Carl,false,carlfoley
Fun!23,2645023.19,Irwin,907,0,Carlos,false,carlosirwin
Fun!23,1022987.08,Lynch,1012,0,Carlos,false,carloslynch
Fun!23,1200139.49,Ortega,68,0,Carlos,true,carlosortega
Fun!23,2241940.89,Hays,720,0,Carmen,false,carmenhays
Fun!23,1832540.96,Petersen,987,0,Carmen,false,carmenpetersen
Fun!23,2567833.55,Elliott,938,0,Carol,true,carolelliott
Fun!23,2100746.9,Torres,345,0,Caroline,true,carolinetorres
Fun!23,1747616.78,Dunn,875,0,Carolyn,false,carolyndunn
Fun!23,2745828.56,Bennett,368,0,Carrie,false,carriebennett
Fun!23,1657333.31,Navarro,811,0,Casey,true,caseynavarro
Fun!23,1730898.19,Cook,580,0,Cassandra,false,cassandracook
Fun!23,1846616.98,Mann,760,0,Catherine,false,catherinemann
Fun!23,2102158.27,Jones,218,0,Cesar,true,cesarjones
Fun!23,2199249.95,Clark,573,0,Chad,true,chadclark
Fun!23,2541804.18,Green,821,0,Chad,false,chadgreen
Fun!23,1021819.48,Chambers,1010,0,Charles,false,charleschambers
Fun!23,2347336.46,Miller,216,0,Chase,true,chasemiller
Fun!23,2023927.05,Gallagher,108,0,Chelsea,true,chelseagallagher
Fun!23,1847716.73,Porter,336,0,Chelsea,true,chelseaporter
Fun!23,2677497.89,Wilson,324,0,Cheryl,false,cherylwilson
Fun!23,2181465.39,Disney,6,0,Chip,false,chipdisney
Fun!23,2174640.34,Holden,259,0,Chris,false,chrisholden
Fun!23,1288172.61,Jones,570,0,Chris,false,chrisjones
Fun!23,1126427.67,King,285,0,Chris,true,chrisking
Fun!23,1942227.08,Ellis,866,0,Christian,true,christianellis
Fun!23,2313589.96,Gomez,56,0,Christian,true,christiangomez
Fun!23,2807531.83,Smith,223,0,Christian,false,christiansmith
Fun!23,1170766.75,Carter,902,0,Christina,true,christinacarter
Fun!23,1219119.36,Dodson,694,0,Christina,true,christinadodson
Fun!23,2301798.22,Jones,591,0,Christina,false,christinajones
Fun!23,1950469.58,Villanueva,882,0,Christina,false,christinavillanueva
Fun!23,1817578.71,Walker,169,0,Christina,true,christinawalker
Fun!23,2969092.43,Wheeler,347,0,Christina,false,christinawheeler
Fun!23,1182261.76,Ellis,690,0,Christine,true,christineellis
Fun!23,2158648.58,Berry,962,0,Christopher,false,christopherberry
Fun!23,1312617.31,Coleman,137,0,Christopher,true,christophercoleman
Fun!23,2192359.98,Contreras,98,0,Christopher,false,christophercontreras
Fun!23,2423321.24,Craig,576,0,Christopher,false,christophercraig
Fun!23,1940851.92,Davis,703,0,Christopher,false,christopherdavis
Fun!23,2653544.05,Dominguez,363,0,Christopher,true,christopherdominguez
Fun!23,1147803.55,Fields,639,0,Christopher,true,christopherfields
Fun!23,2838514.12,Foster,367,0,Christopher,true,christopherfoster
Fun!23,2721138.89,Johnson,563,0,Christopher,true,christopherjohnson
Fun!23,2749022.75,Jones,357,0,Christopher,false,christopherjones
Fun!23,1121367.64,Lucero,863,0,Christopher,false,christopherlucero
Fun!23,2868580.4,Melendez,526,0,Christopher,true,christophermelendez
Fun!23,1974264.2,Norris,116,0,Christopher,true,christophernorris
Fun!23,2892389.11,Ortega,912,0,Christopher,true,christopherortega
Fun!23,1171347.36,Osborne,632,0,Christopher,true,christopherosborne
Fun!23,2103301.94,Raymond,466,0,Christopher,true,christopherraymond
Fun!23,2047734.04,Robinson,662,0,Christopher,false,christopherrobinson
Fun!23,1736972.46,Sanford,518,0,Christopher,false,christophersanford
Fun!23,2482851.79,Underwood,734,0,Christopher,true,christopherunderwood
Fun!23,1767848.54,Wright,247,0,Christopher,false,christopherwright
Fun!23,2150750.04,Disney,8,0,Cinderella,false,cinderelladisney
Fun!23,2820131.63,Robles,719,0,Cody,false,codyrobles
Fun!23,1241800.82,Scott,185,0,Cody,true,codyscott
Fun!23,2539653.64,Hall,792,0,Colleen,false,colleenhall
Fun!23,2765235.26,Sanchez,629,0,Colleen,true,colleensanchez
Fun!23,1600077.51,Torres,512,0,Colleen,true,colleentorres
Fun!23,2962841.87,Wilson,565,0,Corey,false,coreywilson
Fun!23,1342226.97,Byrd,1036,0,Cory,true,corybyrd
Fun!23,2996659.86,Johnson,338,0,Courtney,false,courtneyjohnson
Fun!23,1031537.23,Olsen,1008,0,Courtney,false,courtneyolsen
Fun!23,2474339.94,Tran,546,0,Courtney,true,courtneytran
Fun!23,1611481.12,Brown,777,0,Craig,true,craigbrown
Fun!23,1194190.83,Espinoza,165,0,Craig,true,craigespinoza
Fun!23,2095572.87,Fleming,831,0,Craig,false,craigfleming
Fun!23,2256493.95,Oconnell,387,0,Craig,true,craigoconnell
Fun!23,2223587.68,Schaefer,267,0,Craig,true,craigschaefer
Fun!23,2088125.37,DeVil,22,0,Cruella,false,cruelladevil
Fun!23,1301317.82,Hayes,826,0,Crystal,false,crystalhayes
Fun!23,1972217.53,Hudson,109,0,Crystal,false,crystalhudson
Fun!23,1064598.16,Johnson,329,0,Crystal,true,crystaljohnson
Fun!23,2028533.01,Rice,464,0,Crystal,false,crystalrice
Fun!23,1076024.35,Walker,117,0,Crystal,false,crystalwalker
Fun!23,1992160.33,Young,636,0,Crystal,true,crystalyoung
Fun!23,2391279.01,Phillips,876,0,Curtis,false,curtisphillips
Fun!23,2228199.38,Ellis,836,0,Cynthia,false,cynthiaellis
Fun!23,1924431.79,Giles,685,0,Cynthia,false,cynthiagiles
Fun!23,2760022.98,Powell,587,0,Cynthia,false,cynthiapowell
Fun!23,2847741.9,Bender,361,0,Dakota,true,dakotabender
Fun!23,1830557.24,Harper,553,0,Dakota,false,dakotaharper
Fun!23,1045487.7,Disney,7,0,Dale,false,daledisney
Fun!23,2484185.61,Bryant,925,0,Dalton,true,daltonbryant
Fun!23,2513408.25,Jones,581,0,Dana,false,danajones
Fun!23,2115716.5,Miller,841,0,Dana,true,danamiller
Fun!23,1723316.19,Park,922,0,Dana,false,danapark
Fun!23,2618259.05,Williams,93,0,Dana,false,danawilliams
Fun!23,1755525.37,Foster,371,0,Daniel,true,danielfoster
Fun!23,2240648.04,Hampton,133,0,Daniel,false,danielhampton
Fun!23,1994583.82,Holguin,59,0,Daniel,false,danielholguin
Fun!23,1244179.54,Mejia,37,0,Daniel,true,danielmejia
Fun!23,2869319.6,Olson,97,0,Daniel,false,danielolson
Fun!23,2683254.14,Romero,283,0,Daniel,true,danielromero
Fun!23,2124903.31,Smith,716,0,Daniel,true,danielsmith
Fun!23,2068829,Summers,948,0,Daniel,false,danielsummers
Fun!23,2790817.99,Chavez,898,0,Danielle,false,daniellechavez
Fun!23,2350937.19,Conrad,992,0,Danielle,true,danielleconrad
Fun!23,1566713.57,Dorsey,505,0,Danielle,false,danielledorsey
Fun!23,1404795.05,Gardner,574,0,Danielle,true,daniellegardner
Fun!23,1872138.58,Baker,598,0,Darin,false,darinbaker
Fun!23,2851192.76,Porter,250,0,Darin,true,darinporter
Fun!23,2065642.32,Russell,536,0,Darlene,true,darlenerussell
Fun!23,1491139.44,Shaw,495,0,Darlene,false,darleneshaw
Fun!23,1334858.9,Jones,952,0,Darrell,true,darrelljones
Fun!23,1074320.75,Gibbs,611,0,Darren,false,darrengibbs
Fun!23,1281978.2,Brown,99,0,David,true,davidbrown
Fun!23,2904090.98,Clark,897,0,David,true,davidclark
Fun!23,2601826.68,Costa,578,0,David,true,davidcosta
Fun!23,2647861.17,Cox,649,0,David,false,davidcox
Fun!23,1929952.56,Davila,443,0,David,false,daviddavila
Fun!23,2055384.29,Gardner,145,0,David,false,davidgardner
Fun!23,2916032.88,Gross,246,0,David,true,davidgross
Fun!23,2293829.88,Harvey,600,0,David,false,davidharvey
Fun!23,2548557.62,Hayes,931,0,David,false,davidhayes
Fun!23,2113639.11,Johnson,1002,0,David,false,davidjohnson
Fun!23,1826555.92,Mills,305,0,David,false,davidmills
Fun!23,2327990.46,Soto,407,0,David,false,davidsoto
Fun!23,2794863.07,Summers,756,0,David,true,davidsummers
Fun!23,2836171.04,Thomas,265,0,David,false,davidthomas
Fun!23,2868944.06,Wright,253,0,David,true,davidwright
Fun!23,1148529.97,King,282,0,Dawn,false,dawnking
Fun!23,1469899.57,Smith,375,0,Dean,false,deansmith
Fun!23,1320246.63,Cummings,911,0,Deanna,false,deannacummings
Fun!23,1233473.43,Hunt,349,0,Deborah,false,deborahhunt
Fun!23,2422278,Scott,455,0,Deborah,false,deborahscott
Fun!23,2218712.1,Blackwell,503,0,Debra,true,debrablackwell
Fun!23,1109978.36,Raymond,795,0,Debra,false,debraraymond
Fun!23,2534342.45,Johnson,936,0,Denise,false,denisejohnson
Fun!23,1193194.72,Morales,309,0,Denise,false,denisemorales
Fun!23,1309235.78,Williams,341,0,Denise,false,denisewilliams
Fun!23,1250517.03,Cooper,933,0,Dennis,true,denniscooper
Fun!23,1950093.56,Reynolds,532,0,Dennis,false,dennisreynolds
Fun!23,1681937.54,Smith,744,0,Dennis,false,dennissmith
Fun!23,1473763.12,Irwin,481,0,Derek,false,derekirwin
Fun!23,1333581.05,Lopez,630,0,Derek,false,dereklopez
Fun!23,1092778.46,Macias,661,0,Derek,false,derekmacias
Fun!23,1603054.56,Grant,150,0,Derrick,false,derrickgrant
Fun!23,2953530.27,Mapula,66,0,Derrick,true,derrickmapula
Fun!23,1743151.96,Ferguson,233,0,Destiny,false,destinyferguson
Fun!23,1711469.18,Diaz,391,0,Devin,true,devindiaz
Fun!23,1981139.39,Garcia,53,0,Diana,true,dianagarcia
Fun!23,1216402.8,Matthews,562,0,Diana,false,dianamatthews
Fun!23,1051151.53,Rivera,994,0,Diana,true,dianarivera
Fun!23,2567251.74,VallesMartinez,86,0,Diana,true,dianavallesmartinez
Fun!23,1491779.13,Lyon,64,0,Dimitri,false,dimitrilyon
Fun!23,2108960.46,Duck,2,0,Donald,true,donaldduck
Fun!23,2250279.44,Haynes,351,0,Donald,true,donaldhaynes
Fun!23,2272201.82,Ramirez,975,0,Donald,true,donaldramirez
Fun!23,2350491.16,Tran,638,0,Donald,false,donaldtran
Fun!23,1077736.07,Villanueva,919,0,Donald,true,donaldvillanueva
Fun!23,1576962.65,Allen,206,0,Donna,true,donnaallen
Fun!23,1533997.35,Travis,392,0,Donna,false,donnatravis
Fun!23,2662913.37,Mercado,474,0,Doris,true,dorismercado
Fun!23,1206057.51,Moore,421,0,Doris,true,dorismoore
Fun!23,1151660.82,Cox,244,0,Dorothy,true,dorothycox
Fun!23,2656281.4,Bryant,733,0,Douglas,false,douglasbryant
Fun!23,1847666.01,Hernandez,709,0,Douglas,false,douglashernandez
Fun!23,2444562.6,Mckay,971,0,Douglas,true,douglasmckay
Fun!23,2758765.96,Rodriguez,115,0,Douglas,false,douglasrodriguez
Fun!23,1886448.26,Oliver,287,0,Dustin,false,dustinoliver
Fun!23,1291404.62,Harris,155,0,Dylan,true,dylanharris
Fun!23,2934840.85,Lopez,567,0,Dylan,true,dylanlopez
Fun!23,2810056.26,Garnica,54,0,Edgar,true,edgargarnica
Fun!23,1483084.33,Figueroa,51,0,Eduardo,true,eduardofigueroa
Fun!23,2400150.7,Hernandez,142,0,Edward,true,edwardhernandez
Fun!23,2314232.91,Jackson,509,0,Edward,true,edwardjackson
Fun!23,2391892.91,Johnson,365,0,Edward,true,edwardjohnson
Fun!23,1922767.56,Molina,610,0,Edward,true,edwardmolina
Fun!23,2584330.07,TomyGeorge,83,0,Edwin,true,edwintomygeorge
Fun!23,1296730,Quijas,72,0,Efren,false,efrenquijas
Fun!23,1843996.67,Alvarez,383,0,Elizabeth,false,elizabethalvarez
Fun!23,2494742.75,Castillo,805,0,Elizabeth,false,elizabethcastillo
Fun!23,2606225.64,Cordova,356,0,Elizabeth,true,elizabethcordova
Fun!23,2043609.53,Cruz,422,0,Elizabeth,true,elizabethcruz
Fun!23,1111390.77,Dominguez,773,0,Elizabeth,false,elizabethdominguez
Fun!23,2015344.76,Jackson,1005,0,Elizabeth,false,elizabethjackson
Fun!23,2982736.62,Kim,306,0,Elizabeth,true,elizabethkim
Fun!23,2004096.37,Medina,997,0,Elizabeth,false,elizabethmedina
Fun!23,2145667.53,Reyes,650,0,Elizabeth,true,elizabethreyes
Fun!23,1482777.76,Rodriguez,939,0,Elizabeth,true,elizabethrodriguez
Fun!23,1844645.28,Torres,753,0,Elizabeth,false,elizabethtorres
Fun!23,2502398.8,Brady,438,0,Emily,true,emilybrady
Fun!23,2442294.87,Chang,900,0,Emily,false,emilychang
Fun!23,1009922.28,Cole,884,0,Emily,false,emilycole
Fun!23,2230944.22,Estes,809,0,Emily,true,emilyestes
Fun!23,2887120.69,Jackson,990,0,Emily,false,emilyjackson
Fun!23,2647414.15,Richardson,183,0,Emily,false,emilyrichardson
Fun!23,1668026.76,Armstrong,337,0,Emma,false,emmaarmstrong
Fun!23,2059642.3,Padilla,430,0,Emma,false,emmapadilla
Fun!23,1910344.56,Ramos,471,0,Eric,false,ericramos
Fun!23,1866113.85,Smith,82,0,Eric,false,ericsmith
Fun!23,2758865.34,Vazquez,189,0,Eric,false,ericvazquez
Fun!23,1439218.61,Burch,924,0,Erica,true,ericaburch
Fun!23,1478974.12,Harrison,101,0,Erica,false,ericaharrison
Fun!23,2449877.14,Case,243,0,Erik,false,erikcase
Fun!23,1836172.53,Lopez,622,0,Erika,false,erikalopez
Fun!23,2876991.13,Barton,1026,0,Erin,false,erinbarton
Fun!23,2181543.79,Jones,793,0,Erin,true,erinjones
Fun!23,2682530.2,Mejia,796,0,Erin,false,erinmejia
Fun!23,2319583.93,Bentley,825,0,Ernest,false,ernestbentley
Fun!23,2033252.77,Holmes,202,0,Ethan,true,ethanholmes
Fun!23,1250727.6,Queen,29,0,Evil,false,evilqueen
Fun!23,2692254.57,Carlson,820,0,Felicia,true,feliciacarlson
Fun!23,2999415.2,DeSantiago,49,0,Fernando,false,fernandodesantiago
Fun!23,1249610.16,Moore,320,0,Francisco,true,franciscomoore
Fun!23,1048444.95,Hansen,496,0,Gabriel,true,gabrielhansen
Fun!23,2750886.83,Sanders,665,0,Gabriel,true,gabrielsanders
Fun!23,1422127.74,Parker,140,0,Gail,true,gailparker
Fun!23,1213766.57,Jones,61,0,Garrett,false,garrettjones
Fun!23,2957525.43,Mckenzie,920,0,Gary,true,garymckenzie
Fun!23,1848568.26,Miller,463,0,Gary,false,garymiller
Fun!23,2381908.22,Park,835,0,Gary,true,garypark
Fun!23,2946080.39,Smith,705,0,Gary,true,garysmith
Fun!23,2817878.1,Disney,25,0,Gaston,false,gastondisney
Fun!23,2407919.24,Ayala,800,0,George,true,georgeayala
Fun!23,1085874.6,Gilbert,855,0,George,true,georgegilbert
Fun!23,2951289.82,Proctor,802,0,George,true,georgeproctor
Fun!23,1325487.79,Wood,465,0,George,true,georgewood
Fun!23,1621532.4,Baker,449,0,Gerald,false,geraldbaker
Fun!23,1138452.21,Beltran,560,0,Gerald,false,geraldbeltran
Fun!23,2632717.57,Swanson,654,0,Gina,true,ginaswanson
Fun!23,2835002.46,Page,303,0,Gloria,true,gloriapage
Fun!23,1016867.31,Disney,4,0,Goofy,false,goofydisney
Fun!23,2098431.98,Kelley,530,0,Grace,false,gracekelley
Fun!23,1059845.53,Loi,63,0,Gregorio,false,gregorioloi
Fun!23,2553043.29,Carr,442,0,Gregory,true,gregorycarr
Fun!23,2567372.03,Maxwell,311,0,Gregory,true,gregorymaxwell
Fun!23,2148889.58,Short,921,0,Gregory,false,gregoryshort
Fun!23,2292166.13,Sullivan,280,0,Gregory,true,gregorysullivan
Fun!23,2725429.38,Moss,163,0,Haley,true,haleymoss
Fun!23,2706165.99,Arias,132,0,Hannah,false,hannaharias
Fun!23,1934046.48,Maldonado,506,0,Hannah,true,hannahmaldonado
Fun!23,1145020.78,Mcdaniel,779,0,Hayden,false,haydenmcdaniel
Fun!23,2449394.66,Cunningham,625,0,Heather,true,heathercunningham
Fun!23,1341073.36,Little,585,0,Heather,true,heatherlittle
Fun!23,1369913.28,Robbins,596,0,Heather,true,heatherrobbins
Fun!23,1852032.92,Whitney,789,0,Hector,false,hectorwhitney
Fun!23,1127009.29,Barker,354,0,Heidi,false,heidibarker
Fun!23,1796578.8,Page,557,0,Heidi,false,heidipage
Fun!23,2910606.35,Salazar,740,0,Henry,false,henrysalazar
Fun!23,1307758,Disney,33,0,Hercules,false,herculesdisney
Fun!23,2573214.08,Cruz,729,0,Holly,true,hollycruz
Fun!23,2824425.22,Davidson,799,0,Holly,false,hollydavidson
Fun!23,2475038.32,Schneider,647,0,Holly,false,hollyschneider
Fun!23,2030782.46,Davenport,751,0,Howard,false,howarddavenport
Fun!23,2811935.59,Moore,415,0,Hunter,false,huntermoore
Fun!23,2890717.78,Morgan,891,0,Jack,true,jackmorgan
Fun!23,2148371.74,Alvarez,40,0,Jacob,true,jacobalvarez
Fun!23,2796902.09,Contreras,628,0,Jacob,true,jacobcontreras
Fun!23,1750295.93,Norton,844,0,Jacob,true,jacobnorton
Fun!23,1828851.9,Williams,385,0,Jacob,false,jacobwilliams
Fun!23,1622175.27,Dunn,284,0,Jacqueline,false,jacquelinedunn
Fun!23,1601800.03,Crawford,318,0,Jade,true,jadecrawford
Fun!23,2014950.68,Aladdin,18,0,Jafar,true,jafaraladdin
Fun!23,1428151.32,Mitchell,559,0,Jake,true,jakemitchell
Fun!23,1592185.1,Anderson,652,0,James,false,jamesanderson
Fun!23,1508387.05,Brennan,595,0,James,false,jamesbrennan
Fun!23,2328689.61,Hammond,190,0,James,true,jameshammond
Fun!23,2328971.43,Henderson,241,0,James,false,jameshenderson
Fun!23,2009820.12,King,122,0,James,true,jamesking
Fun!23,1760826.34,Mitchell,1017,0,James,false,jamesmitchell
Fun!23,2115749.16,Morgan,586,0,James,true,jamesmorgan
Fun!23,2009222.69,Nolan,199,0,James,true,jamesnolan
Fun!23,2721201.52,Pittman,176,0,James,false,jamespittman
Fun!23,2472668.68,Romero,263,0,James,true,jamesromero
Fun!23,2994259.48,Simmons,964,0,James,false,jamessimmons
Fun!23,1505494.63,Simpson,824,0,James,false,jamessimpson
Fun!23,2026926.08,Watson,915,0,James,true,jameswatson
Fun!23,1326213,Brown,996,0,Jamie,true,jamiebrown
Fun!23,1021036.4,Conner,517,0,Jamie,true,jamieconner
Fun!23,1119834.37,Hernandez,577,0,Jamie,false,jamiehernandez
Fun!23,1783513.31,Hughes,617,0,Janet,true,janethughes
Fun!23,1849900.16,Perry,620,0,Jared,true,jaredperry
Fun!23,1504563.65,Scott,745,0,Jared,false,jaredscott
Fun!23,1271844.9,Disney,10,0,Jasmine,true,jasminedisney
Fun!23,1085295.04,Ramirez,304,0,Jasmine,true,jasmineramirez
Fun!23,1204946.42,Burke,159,0,Jason,false,jasonburke
Fun!23,1220557.76,Clark,676,0,Jason,false,jasonclark
Fun!23,2787658.19,Lee,677,0,Jason,false,jasonlee
Fun!23,2750566.26,Skinner,459,0,Jason,true,jasonskinner
Fun!23,1861022.75,Wolfe,327,0,Jason,false,jasonwolfe
Fun!23,2705086.97,Ray,589,0,Jeff,false,jeffray
Fun!23,1524864.79,Best,696,0,Jeffrey,true,jeffreybest
Fun!23,2447703.41,Delgado,209,0,Jeffrey,false,jeffreydelgado
Fun!23,1284936.79,Gonzalez,373,0,Jeffrey,true,jeffreygonzalez
Fun!23,1010598.24,Luna,295,0,Jeffrey,false,jeffreyluna
Fun!23,1396428.52,Marquez,245,0,Jeffrey,true,jeffreymarquez
Fun!23,2433239.39,Rodriguez,754,0,Jeffrey,false,jeffreyrodriguez
Fun!23,2837569.29,Sloan,342,0,Jeffrey,true,jeffreysloan
Fun!23,2231557.28,Weiss,135,0,Jeffrey,true,jeffreyweiss
Fun!23,1662937.55,Chase,533,0,Jenna,true,jennachase
Fun!23,2671837.13,Bailey,738,0,Jennifer,false,jenniferbailey
Fun!23,2161240.89,Carr,758,0,Jennifer,false,jennifercarr
Fun!23,2559476.52,Copeland,447,0,Jennifer,true,jennifercopeland
Fun!23,2130581.79,Davidson,878,0,Jennifer,true,jenniferdavidson
Fun!23,2448748.24,Evans,767,0,Jennifer,true,jenniferevans
Fun!23,2862251.52,Guzman,725,0,Jennifer,false,jenniferguzman
Fun!23,1041443.15,Hernandez,953,0,Jennifer,false,jenniferhernandez
Fun!23,1659618.44,Huang,903,0,Jennifer,false,jenniferhuang
Fun!23,1807807.77,Jones,816,0,Jennifer,false,jenniferjones
Fun!23,2604045.13,Mills,513,0,Jennifer,true,jennifermills
Fun!23,1310279.8,Preston,982,0,Jennifer,false,jenniferpreston
Fun!23,1079711.52,Schneider,929,0,Jennifer,false,jenniferschneider
Fun!23,1774368.93,Schultz,671,0,Jennifer,false,jenniferschultz
Fun!23,1471909.79,Smith,599,0,Jennifer,true,jennifersmith
Fun!23,2100458.16,Williams,162,0,Jennifer,true,jenniferwilliams
Fun!23,2148535.38,Henry,312,0,Jenny,true,jennyhenry
Fun!23,2395456.62,Williamson,374,0,Jeremiah,true,jeremiahwilliamson
Fun!23,1963940.78,Alvarez,186,0,Jeremy,true,jeremyalvarez
Fun!23,2987305.76,Foster,762,0,Jeremy,true,jeremyfoster
Fun!23,1655183.04,Morris,192,0,Jeremy,true,jeremymorris
Fun!23,2281708.23,Rocha,969,0,Jeremy,true,jeremyrocha
Fun!23,1188941.2,Dean,714,0,Jermaine,true,jermainedean
Fun!23,1565136.47,Curtis,134,0,Jerry,false,jerrycurtis
Fun!23,1127766.91,Gamble,739,0,Jerry,true,jerrygamble
Fun!23,2868819.46,Hampton,451,0,Jerry,true,jerryhampton
Fun!23,1310287.34,Lee,198,0,Jerry,false,jerrylee
Fun!23,2628712.43,Rodriguez,974,0,Jerry,false,jerryrodriguez
Fun!23,2952986.06,Smith,615,0,Jerry,false,jerrysmith
Fun!23,1707005.23,Dunn,889,0,Jesse,false,jessedunn
Fun!23,2456888.88,Montgomery,237,0,Jesse,false,jessemontgomery
Fun!23,1354053.96,Anderson,490,0,Jessica,true,jessicaanderson
Fun!23,1562774.29,Fernandez,399,0,Jessica,true,jessicafernandez
Fun!23,1547868.03,Frye,498,0,Jessica,true,jessicafrye
Fun!23,1315789.36,Lloyd,827,0,Jessica,true,jessicalloyd
Fun!23,1531359.81,Martin,254,0,Jessica,true,jessicamartin
Fun!23,1069312.92,Moore,248,0,Jessica,true,jessicamoore
Fun!23,2231738.6,Olsen,537,0,Jessica,true,jessicaolsen
Fun!23,1595932.61,Ramirez,644,0,Jessica,false,jessicaramirez
Fun!23,1015898.77,Smith,1028,0,Jessica,true,jessicasmith
Fun!23,1773279.55,Bruno,45,0,Jesus,true,jesusbruno
Fun!23,2299999.12,Macias,65,0,Jesus,true,jesusmacias
Fun!23,1199934.64,Henderson,172,0,Jill,false,jillhenderson
Fun!23,2635030.35,Solis,429,0,Jill,true,jillsolis
Fun!23,1341823.98,Knight,648,0,Joanna,true,joannaknight
Fun!23,1432077.82,Trevino,230,0,Joanna,true,joannatrevino
Fun!23,2084808.83,Sanchez,865,0,Jody,true,jodysanchez
Fun!23,1742804.7,Cochran,491,0,Joe,true,joecochran
Fun!23,2311953.53,Arellano,239,0,Joel,false,joelarellano
Fun!23,2584045.24,Welch,561,0,Joel,false,joelwelch
Fun!23,2165644.3,Blair,700,0,John,false,johnblair
Fun!23,2244405.44,Blevins,691,0,John,false,johnblevins
Fun!23,2122597.99,Davis,707,0,John,false,johndavis
Fun!23,1569009,Hansen,973,0,John,false,johnhansen
Fun!23,2383814.67,Hill,701,0,John,true,johnhill
Fun!23,2924110.26,House,874,0,John,true,johnhouse
Fun!23,2875018.36,Jones,730,0,John,true,johnjones
Fun!23,1331085.17,Morris,428,0,John,false,johnmorris
Fun!23,2012095.89,Sanders,1015,0,John,false,johnsanders
Fun!23,2077879.08,White,413,0,John,false,johnwhite
Fun!23,2953506.05,Lopez,446,0,Jon,false,jonlopez
Fun!23,1803770.84,Avalos,41,0,Jonathan,true,jonathanavalos
Fun!23,1515942.22,Ayala,44,0,Jonathan,true,jonathanayala
Fun!23,1986384.76,Christian,315,0,Jonathan,false,jonathanchristian
Fun!23,2758367.62,Martinez,806,0,Jonathan,true,jonathanmartinez
Fun!23,2289630.72,Wilson,330,0,Jordan,false,jordanwilson
Fun!23,1458835.21,Haley,721,0,Jorge,true,jorgehaley
Fun!23,1480236.28,Huerta,888,0,Jorge,true,jorgehuerta
Fun!23,1358775.35,Topete,84,0,Jorge,false,jorgetopete
Fun!23,1977235,Evans,489,0,Jose,false,joseevans
Fun!23,2578193.48,Farley,688,0,Jose,true,josefarley
Fun!23,2253515.53,Smith,814,0,Jose,false,josesmith
Fun!23,2526759.63,Brooks,388,0,Joseph,true,josephbrooks
Fun!23,2804649.88,Davis,886,0,Joseph,false,josephdavis
Fun!23,2858678.29,Fritz,823,0,Joseph,false,josephfritz
Fun!23,1436257.07,Hanna,1003,0,Joseph,false,josephhanna
Fun!23,2230440.56,Lewis,235,0,Joseph,true,josephlewis
Fun!23,2517479.63,Macdonald,588,0,Joseph,true,josephmacdonald
Fun!23,1204355.26,Robinson,871,0,Joseph,true,josephrobinson
Fun!23,1110649.89,Banks,715,0,Joshua,true,joshuabanks
Fun!23,1537856.52,Gomez,845,0,Joshua,true,joshuagomez
Fun!23,2113014.01,Hickman,724,0,Joshua,true,joshuahickman
Fun!23,2850019.03,Meadows,381,0,Joshua,true,joshuameadows
Fun!23,2609868.99,Brock,838,0,Juan,false,juanbrock
Fun!23,2379352.03,Jones,670,0,Julia,false,juliajones
Fun!23,2148512.17,Young,699,0,Julia,false,juliayoung
Fun!23,1215507,Gutierrez,483,0,Julian,false,juliangutierrez
Fun!23,2239423.31,Alexander,166,0,Julie,true,juliealexander
Fun!23,1138638.16,Shaw,828,0,Julie,false,julieshaw
Fun!23,1398803.74,Davis,500,0,Justin,false,justindavis
Fun!23,1821892.51,Hawkins,894,0,Justin,true,justinhawkins
Fun!23,1298652.95,Martinez,419,0,Justin,true,justinmartinez
Fun!23,1703071.54,Wilson,164,0,Justin,false,justinwilson
Fun!23,1545967.62,Disney,28,0,Kaa,false,kaadisney
Fun!23,2427350.08,Summers,916,0,Kara,true,karasummers
Fun!23,1267110.43,Thomas,258,0,Karen,true,karenthomas
Fun!23,1331248.39,Zhang,264,0,Karen,true,karenzhang
Fun!23,2559009.13,Davis,858,0,Karl,false,karldavis
Fun!23,2511097.83,Johnson,171,0,Karla,true,karlajohnson
Fun!23,1223882.39,Evans,102,0,Katherine,true,katherineevans
Fun!23,1275732.44,Mcdonald,950,0,Katherine,true,katherinemcdonald
Fun!23,1425223.18,Hines,548,0,Kathleen,false,kathleenhines
Fun!23,2628052.05,Small,321,0,Kathleen,false,kathleensmall
Fun!23,1416229.58,Perez,219,0,Kathryn,true,kathrynperez
Fun!23,1104602.99,Smith,787,0,Kathy,true,kathysmith
Fun!23,1206754.12,Mahoney,408,0,Kayla,true,kaylamahoney
Fun!23,1200368.29,Morgan,454,0,Kayla,true,kaylamorgan
Fun!23,2100694.24,Smith,631,0,Kayla,false,kaylasmith
Fun!23,2164668.01,Hale,528,0,Kaylee,true,kayleehale
Fun!23,1150705.15,Patterson,240,0,Kaylee,true,kayleepatterson
Fun!23,2159462.68,Christensen,783,0,Keith,false,keithchristensen
Fun!23,2922224.08,Ellis,394,0,Keith,true,keithellis
Fun!23,1892850.07,Ortiz,187,0,Keith,false,keithortiz
Fun!23,1474881.08,Bell,479,0,Kelly,false,kellybell
Fun!23,1512379.18,Harris,551,0,Kelly,true,kellyharris
Fun!23,1571027.8,Herring,885,0,Kelly,true,kellyherring
Fun!23,2768268.64,Jordan,723,0,Kelly,false,kellyjordan
Fun!23,2936315.99,Wilson,909,0,Kelly,true,kellywilson
Fun!23,1625765.77,Yu,222,0,Kelly,true,kellyyu
Fun!23,2669858.44,Sawyer,1038,0,Kendra,false,kendrasawyer
Fun!23,2221949.98,Boyd,877,0,Kenneth,false,kennethboyd
Fun!23,1553397.17,Davis,681,0,Kenneth,true,kennethdavis
Fun!23,2551913.71,House,868,0,Kenneth,true,kennethhouse
Fun!23,1685533.52,Smith,353,0,Kenneth,true,kennethsmith
Fun!23,2073531.09,Boone,741,0,Kevin,false,kevinboone
Fun!23,1840667.39,Gould,485,0,Kevin,true,kevingould
Fun!23,2289948.69,Harrison,857,0,Kevin,false,kevinharrison
Fun!23,1891219.58,Larson,461,0,Kevin,true,kevinlarson
Fun!23,1712060.36,Scott,333,0,Kevin,false,kevinscott
Fun!23,1359466.04,Sias,80,0,Kevin,false,kevinsias
Fun!23,1031909.13,Swanson,362,0,Kevin,false,kevinswanson
Fun!23,1308261.19,Tran,842,0,Kevin,false,kevintran
Fun!23,1552883.34,Buckley,195,0,Kim,true,kimbuckley
Fun!23,1993528.39,Contreras,522,0,Kim,true,kimcontreras
Fun!23,2402487.76,Craig,1016,0,Kim,false,kimcraig
Fun!23,1613065.28,Garcia,335,0,Kimberly,false,kimberlygarcia
Fun!23,1491199.94,Harris,1031,0,Kimberly,false,kimberlyharris
Fun!23,1316986.67,Johnson,550,0,Kimberly,true,kimberlyjohnson
Fun!23,2295451.82,Kline,131,0,Kimberly,true,kimberlykline
Fun!23,2669507.32,Martinez,655,0,Kimberly,true,kimberlymartinez
Fun!23,1291749.18,Mejia,998,0,Kimberly,false,kimberlymejia
Fun!23,2667054.94,Miller,932,0,Kimberly,false,kimberlymiller
Fun!23,2959671.65,Richardson,182,0,Kimberly,false,kimberlyrichardson
Fun!23,1175053.74,Roberts,735,0,Kimberly,true,kimberlyroberts
Fun!23,1163600.49,Robinson,114,0,Kirsten,true,kirstenrobinson
Fun!23,2156123.47,Beck,967,0,Krista,false,kristabeck
Fun!23,2374197.05,Blake,427,0,Krista,false,kristablake
Fun!23,2670463.85,Lambert,641,0,Krista,false,kristalambert
Fun!23,2892984.69,Martinez,1023,0,Kristen,false,kristenmartinez
Fun!23,1372620.26,Patrick,433,0,Kristina,false,kristinapatrick
Fun!23,2627888.18,Smith,856,0,Kristine,false,kristinesmith
Fun!23,1945968.83,Hoover,290,0,Kristy,true,kristyhoover
Fun!23,2943915.29,Thompson,396,0,Krystal,true,krystalthompson
Fun!23,2062319.13,Hodges,128,0,Kyle,false,kylehodges
Fun!23,1524533.56,Taylor,334,0,Kyle,true,kyletaylor
Fun!23,1253453.12,King,937,0,Kylie,false,kylieking
Fun!23,2000678.38,Summers,544,0,Kylie,false,kyliesummers
Fun!23,1675008.15,Dominguez,301,0,Lance,true,lancedominguez
Fun!23,1514020.04,Smith,307,0,Laura,false,laurasmith
Fun!23,1671520.84,Williams,1007,0,Laura,true,laurawilliams
Fun!23,1682094.02,Coleman,890,0,Lauren,false,laurencoleman
Fun!23,1463682.81,Hall,281,0,Lauren,true,laurenhall
Fun!23,1737215.71,Neal,161,0,Lauren,true,laurenneal
Fun!23,2578777.82,Johnson,854,0,Laurie,true,lauriejohnson
Fun!23,1001294.71,Mendoza,769,0,Laurie,true,lauriemendoza
Fun!23,1731473.25,Henry,664,0,Lawrence,true,lawrencehenry
Fun!23,1209984.46,Price,605,0,Lawrence,false,lawrenceprice
Fun!23,2613244.39,Burke,212,0,Lee,false,leeburke
Fun!23,1778752.33,Tovar,85,0,Leo,false,leotovar
Fun!23,1692070.47,King,704,0,Leonard,true,leonardking
Fun!23,2272800.75,ZapataContreras,88,0,Leonardo,true,leonardozapatacontreras
Fun!23,2557150.94,Walters,261,0,Leroy,true,leroywalters
Fun!23,1921670.81,Disney,35,0,Lilo,false,lilodisney
Fun!23,2145204.22,Alexander,458,0,Linda,true,lindaalexander
Fun!23,2991826.12,Bennett,170,0,Linda,true,lindabennett
Fun!23,2770460.85,Miller,843,0,Linda,false,lindamiller
Fun!23,1710883.17,Robles,607,0,Linda,true,lindarobles
Fun!23,1723622.43,Rodriguez,680,0,Linda,true,lindarodriguez
Fun!23,2639498.76,Webster,322,0,Lindsay,false,lindsaywebster
Fun!23,1559844.37,Brown,352,0,Lisa,true,lisabrown
Fun!23,1680701.72,Gaines,314,0,Lisa,false,lisagaines
Fun!23,1467972.76,Garrett,220,0,Lisa,false,lisagarrett
Fun!23,2723266.84,Jackson,917,0,Lisa,true,lisajackson
Fun!23,1504946.93,Miller,678,0,Lisa,false,lisamiller
Fun!23,2907349.99,Peters,859,0,Lisa,false,lisapeters
Fun!23,1074245.44,Robinson,538,0,Lisa,false,lisarobinson
Fun!23,2453946.87,Spencer,418,0,Lisa,false,lisaspencer
Fun!23,2106281.93,Stafford,376,0,Lisa,false,lisastafford
Fun!23,2227721.72,Yu,1022,0,Lisa,false,lisayu
Fun!23,2412775.04,Jurado,62,0,Lizbeth,false,lizbethjurado
Fun!23,1521164.08,Palmer,111,0,Logan,true,loganpalmer
Fun!23,1897699.36,Chavez,48,0,Lorelyne,true,lorelynechavez
Fun!23,2860566.89,Phillips,653,0,Loretta,false,lorettaphillips
Fun!23,2788989.09,Hall,666,0,Lori,true,lorihall
Fun!23,2443184.34,Johnson,774,0,Lori,false,lorijohnson
Fun!23,1862979.56,Livingston,999,0,Lori,false,lorilivingston
Fun!23,2598816.95,Boone,501,0,Louis,false,louisboone
Fun!23,1546509.1,Jimenez,60,0,Luis,false,luisjimenez
Fun!23,1437538.58,Johnson,640,0,Luis,false,luisjohnson
Fun!23,2651541.21,Solomon,984,0,Luis,false,luissolomon
Fun!23,2088355.22,Snyder,834,0,Marcia,true,marciasnyder
Fun!23,1822271.73,Smith,519,0,Margaret,true,margaretsmith
Fun!23,2476235.09,Kelly,1024,0,Maria,true,mariakelly
Fun!23,1580317.98,Mccarthy,227,0,Maria,false,mariamccarthy
Fun!23,1804437.35,Mitchell,297,0,Maria,false,mariamitchell
Fun!23,1863636.79,Young,818,0,Maria,false,mariayoung
Fun!23,1855809.44,Black,980,0,Mariah,true,mariahblack
Fun!23,2481377.96,Martinez,67,0,Mario,false,mariomartinez
Fun!23,1735928.78,Walker,278,0,Mario,true,mariowalker
Fun!23,1817909.7,Henry,979,0,Marissa,false,marissahenry
Fun!23,1851352.04,Oconnell,310,0,Marissa,true,marissaoconnell
Fun!23,2792479.55,Wagner,152,0,Marissa,true,marissawagner
Fun!23,2664822.33,Butler,1020,0,Mark,true,markbutler
Fun!23,2583494.41,Gonzalez,862,0,Mark,false,markgonzalez
Fun!23,1078683.11,Lamb,425,0,Mark,true,marklamb
Fun!23,2008401.48,Lee,221,0,Mark,false,marklee
Fun!23,2474001.45,Lozano,203,0,Mark,false,marklozano
Fun!23,1983898.96,Ramos,188,0,Mark,true,markramos
Fun!23,2531762.55,Richards,272,0,Mark,true,markrichards
Fun!23,1080721.66,Rogers,643,0,Mark,true,markrogers
Fun!23,2242563.72,Stewart,794,0,Mark,true,markstewart
Fun!23,1978522.34,Thompson,829,0,Mark,false,markthompson
Fun!23,1827228.52,Washington,883,0,Mark,false,markwashington
Fun!23,2726611.04,Avila,42,0,MarkAnthony,true,markanthonyavila
Fun!23,2429286.13,Perry,554,0,Martha,false,marthaperry
Fun!23,2957615.4,Edwards,568,0,Martin,true,martinedwards
Fun!23,2150688.35,Anderson,965,0,Mary,false,maryanderson
Fun!23,2312981.56,Chapman,511,0,Mary,true,marychapman
Fun!23,1270975.8,Church,279,0,Mary,true,marychurch
Fun!23,1515898.69,Cruz,291,0,Mary,false,marycruz
Fun!23,1076972.76,Gonzalez,686,0,Mary,true,marygonzalez
Fun!23,2516766.95,Grant,927,0,Mary,true,marygrant
Fun!23,2234927.46,Lee,698,0,Mary,false,marylee
Fun!23,2494792.2,Stevens,378,0,Mary,true,marystevens
Fun!23,1349614.8,Campbell,313,0,Matthew,false,matthewcampbell
Fun!23,1200864.17,Erickson,260,0,Matthew,false,matthewerickson
Fun!23,1410326.01,Gonzalez,645,0,Matthew,true,matthewgonzalez
Fun!23,2091353.87,Herrera,57,0,Matthew,false,matthewherrera
Fun!23,1941003.3,Khan,923,0,Matthew,false,matthewkhan
Fun!23,2991127.41,Mason,892,0,Matthew,true,matthewmason
Fun!23,2623376.93,Perez,289,0,Matthew,false,matthewperez
Fun!23,1697425.24,Porter,493,0,Matthew,false,matthewporter
Fun!23,1202070.18,Noble,125,0,Megan,true,megannoble
Fun!23,2201290.73,Smith,755,0,Megan,false,megansmith
Fun!23,1773839.76,Thompson,808,0,Megan,false,meganthompson
Fun!23,1254427.54,Kirk,157,0,Melanie,false,melaniekirk
Fun!23,2633480.72,Evans,904,0,Melissa,true,melissaevans
Fun!23,1206654.78,Holt,1006,0,Melissa,false,melissaholt
Fun!23,2578535.62,Johnson,810,0,Melissa,false,melissajohnson
Fun!23,2609042,Mccormick,104,0,Melissa,true,melissamccormick
Fun!23,1117781.5,Mcdonald,651,0,Melissa,true,melissamcdonald
Fun!23,2045711.81,Rivera,325,0,Melissa,true,melissarivera
Fun!23,2819009.76,Nichols,633,0,Mercedes,true,mercedesnichols
Fun!23,2164149.25,Adams,516,0,Michael,true,michaeladams
Fun!23,2023081.38,Castillo,400,0,Michael,true,michaelcastillo
Fun!23,2502970.61,Clarke,852,0,Michael,true,michaelclarke
Fun!23,1141854.97,Cowan,736,0,Michael,false,michaelcowan
Fun!23,1316049.31,Flores,763,0,Michael,false,michaelflores
Fun!23,2326775.19,Fox,486,0,Michael,true,michaelfox
Fun!23,2748589.96,Johnson,985,0,Michael,true,michaeljohnson
Fun!23,1446646.54,King,613,0,Michael,true,michaelking
Fun!23,2626410.26,Martinez,539,0,Michael,true,michaelmartinez
Fun!23,2636639.84,Mccormick,737,0,Michael,false,michaelmccormick
Fun!23,1593270.37,Moran,158,0,Michael,false,michaelmoran
Fun!23,2470355.06,Morton,520,0,Michael,false,michaelmorton
Fun!23,2040534.29,Murray,441,0,Michael,false,michaelmurray
Fun!23,1338626.64,Nunez,732,0,Michael,false,michaelnunez
Fun!23,1402331.41,Parrish,673,0,Michael,true,michaelparrish
Fun!23,1004221.91,Prince,830,0,Michael,false,michaelprince
Fun!23,2806774.62,Robinson,492,0,Michael,false,michaelrobinson
Fun!23,1901252.27,Sanchez,106,0,Michael,false,michaelsanchez
Fun!23,2150427.4,Smith,180,0,Michael,true,michaelsmith
Fun!23,1698050.36,Thomas,776,0,Michael,false,michaelthomas
Fun!23,1929151.48,White,184,0,Michael,false,michaelwhite
Fun!23,1730064.95,Williams,276,0,Michael,true,michaelwilliams
Fun!23,2397380.44,Williamson,832,0,Michael,false,michaelwilliamson
Fun!23,1786047.21,Miranda,507,0,Michaela,true,michaelamiranda
Fun!23,2821039.5,Sanders,797,0,Micheal,true,michealsanders
Fun!23,1490583.01,Cummings,386,0,Michele,true,michelecummings
Fun!23,2204793.34,Stevens,113,0,Michele,false,michelestevens
Fun!23,1140050.19,Griffin,803,0,Michelle,true,michellegriffin
Fun!23,1760331.03,Holland,127,0,Michelle,false,michelleholland
Fun!23,2165534.45,Jones,268,0,Michelle,true,michellejones
Fun!23,1296654.6,Maldonado,191,0,Michelle,false,michellemaldonado
Fun!23,2602286.85,Maynard,804,0,Michelle,false,michellemaynard
Fun!23,2266698.11,Oliver,801,0,Michelle,true,michelleoliver
Fun!23,1511657.22,Ortiz,323,0,Michelle,true,michelleortiz
Fun!23,1170462.53,Pruitt,534,0,Michelle,true,michellepruitt
Fun!23,1740014.33,Ramirez,590,0,Michelle,false,michelleramirez
Fun!23,2679421.75,Ray,770,0,Michelle,false,michelleray
Fun!23,2219984.26,Rivera,780,0,Michelle,true,michellerivera
Fun!23,2474343.81,Sexton,453,0,Michelle,true,michellesexton
Fun!23,2011746.15,Walsh,623,0,Michelle,false,michellewalsh
Fun!23,2851036.09,Wood,480,0,Michelle,false,michellewood
Fun!23,1541769.9,Mouse,1,0,Mickey,false,mickeymouse
Fun!23,2876054.88,Sepulveda,79,0,Miguel,true,miguelsepulveda
Fun!23,2825687.94,Dennis,1011,0,Mikayla,true,mikayladennis
Fun!23,2350192.61,Ross,872,0,Mindy,false,mindyross
Fun!23,1504253.84,Mouse,3,0,Minnie,false,minniemouse
Fun!23,1906637.69,Mason,710,0,Miranda,true,mirandamason
Fun!23,1186039.94,Walker,959,0,Miranda,true,mirandawalker
Fun!23,1557789.25,Ramirez,73,0,Miriam,true,miriamramirez
Fun!23,2109039.93,Horton,366,0,Misty,true,mistyhorton
Fun!23,2730559.9,Jimenez,569,0,Misty,false,mistyjimenez
Fun!23,2916760.94,Gross,951,0,Mitchell,true,mitchellgross
Fun!23,1098020.17,Cohen,204,0,Molly,false,mollycohen
Fun!23,2043959.92,Craig,746,0,Monica,true,monicacraig
Fun!23,2310477.91,Davenport,126,0,Monica,true,monicadavenport
Fun!23,1842681.45,Sullivan,983,0,Monica,false,monicasullivan
Fun!23,1564044.32,Disney,13,0,Mufassa,false,mufassadisney
Fun!23,1439122.57,Disney,34,0,Mulan,true,mulandisney
Fun!23,2933374.42,Morgan,148,0,Nancy,false,nancymorgan
Fun!23,2778934.74,Robles,527,0,Nancy,false,nancyrobles
Fun!23,1883327.52,Richardson,621,0,Natalie,true,natalierichardson
Fun!23,1504496.65,Rovelli,78,0,Natasha,true,natasharovelli
Fun!23,1460539.73,Wheeler,369,0,Natasha,true,natashawheeler
Fun!23,1322941.17,Coleman,181,0,Nathan,false,nathancoleman
Fun!23,1461512.55,Thompson,726,0,Nathan,true,nathanthompson
Fun!23,2406744.38,Anderson,194,0,Nicholas,false,nicholasanderson
Fun!23,1794412.96,Copeland,642,0,Nicholas,false,nicholascopeland
Fun!23,2319851.15,Jackson,669,0,Nicholas,false,nicholasjackson
Fun!23,1358187.65,Smith,853,0,Nicholas,false,nicholassmith
Fun!23,1564433.85,Hart,750,0,Nicole,true,nicolehart
Fun!23,1894166.06,Harvey,288,0,Nicole,false,nicoleharvey
Fun!23,2178678.36,Johnson,416,0,Nicole,true,nicolejohnson
Fun!23,2593010.15,Lloyd,851,0,Nicole,true,nicolelloyd
Fun!23,2476098.41,Rowland,196,0,Nicole,false,nicolerowland
Fun!23,2929475.89,Horne,521,0,Noah,false,noahhorne
Fun!23,2841758.93,Freeman,390,0,Norman,true,normanfreeman
Fun!23,2144510.76,Richardson,893,0,Olivia,true,oliviarichardson
Fun!23,2514090.28,Romero,193,0,Olivia,false,oliviaromero
Fun!23,1867235.73,Ortiz,69,0,Oscar,true,oscarortiz
Fun!23,2118392.75,Carter,123,0,Pamela,false,pamelacarter
Fun!23,2942311.26,Glenn,344,0,Patricia,true,patriciaglenn
Fun!23,1128652.76,Hughes,1014,0,Patricia,true,patriciahughes
Fun!23,2947152.72,Mcdonald,785,0,Patricia,false,patriciamcdonald
Fun!23,1388810.39,Bennett,784,0,Patrick,true,patrickbennett
Fun!23,2492756.92,Henderson,100,0,Patrick,false,patrickhenderson
Fun!23,2707554,Larsen,437,0,Patrick,true,patricklarsen
Fun!23,2319586.06,Fisher,231,0,Paul,true,paulfisher
Fun!23,2108178.04,Harmon,860,0,Paul,true,paulharmon
Fun!23,1876179.25,Herman,942,0,Paul,true,paulherman
Fun!23,1315831.18,Salas,991,0,Paul,true,paulsalas
Fun!23,1582385.48,Wyatt,129,0,Paula,false,paulawyatt
Fun!23,1274552.56,Gonzalez,39,0,PaulieJo,false,pauliejogonzalez
Fun!23,2752020.3,Murphy,364,0,Peggy,false,peggymurphy
Fun!23,2056577.9,Mcdaniel,901,0,Penny,false,pennymcdaniel
Fun!23,1446871.31,Hill,697,0,Perry,true,perryhill
Fun!23,1713045.72,Pan,15,0,Peter,true,peterpan
Fun!23,1416716.99,Chaney,457,0,Philip,true,philipchaney
Fun!23,1590167.64,Collins,414,0,Philip,true,philipcollins
Fun!23,1063877.26,Holt,848,0,Philip,true,philipholt
Fun!23,2569985.37,Zamora,156,0,Philip,false,philipzamora
Fun!23,1183871.11,Brown,582,0,Phillip,true,phillipbrown
Fun!23,2667948.41,Meyer,718,0,Phillip,true,phillipmeyer
Fun!23,2533626.74,Richardson,934,0,Phillip,false,philliprichardson
Fun!23,1198140.62,Disney,30,0,Pinocchio,false,pinocchiodisney
Fun!23,2598570.98,Disney,5,0,Pluto,true,plutodisney
Fun!23,2492606.62,Eric,31,0,Prince,false,princeeric
Fun!23,1474281.67,Disney,32,0,Quasimodo,false,quasimododisney
Fun!23,1860276.49,Hart,765,0,Rachel,true,rachelhart
Fun!23,1790323.54,Phillips,317,0,Rachel,false,rachelphillips
Fun!23,2875815.38,Roberson,411,0,Rachel,true,rachelroberson
Fun!23,1287277.65,Vasquez,146,0,Rachel,false,rachelvasquez
Fun!23,2804395.36,Keller,423,0,Randy,false,randykeller
Fun!23,2321428.34,Booth,452,0,Ray,true,raybooth
Fun!23,1297485.93,Huynh,409,0,Ray,false,rayhuynh
Fun!23,1214301.62,Woodward,434,0,Raymond,true,raymondwoodward
Fun!23,1903206.51,Brown,435,0,Rebecca,true,rebeccabrown
Fun!23,1759360.84,Fisher,749,0,Rebecca,false,rebeccafisher
Fun!23,2185660.76,Nguyen,683,0,Rebecca,true,rebeccanguyen
Fun!23,1521436.09,Bradley,112,0,Renee,true,reneebradley
Fun!23,2500511.12,Zimmerman,178,0,Renee,true,reneezimmerman
Fun!23,2535330.5,Kane,372,0,Rhonda,true,rhondakane
Fun!23,1055695.09,Rodriguez,406,0,Ricardo,true,ricardorodriguez
Fun!23,2905422.4,Blackwell,154,0,Richard,true,richardblackwell
Fun!23,1608173.9,Brown,179,0,Richard,false,richardbrown
Fun!23,1578458.29,Edwards,540,0,Richard,true,richardedwards
Fun!23,2891508.33,Paul,782,0,Richard,true,richardpaul
Fun!23,2752173.15,Sullivan,766,0,Richard,true,richardsullivan
Fun!23,2784301.71,Torres,144,0,Richard,true,richardtorres
Fun!23,2231668.11,Vargas,149,0,Richard,false,richardvargas
Fun!23,1495433.12,Parrish,609,0,Rick,true,rickparrish
Fun!23,2791652.71,Gardner,564,0,Ricky,true,rickygardner
Fun!23,2958091.41,Thompson,340,0,Ricky,false,rickythompson
Fun!23,2915297.33,Owens,432,0,Rita,false,ritaowens
Fun!23,1162554.74,Davis,274,0,Robert,true,robertdavis
Fun!23,2070276.04,Flores,956,0,Robert,true,robertflores
Fun!23,2555358.55,Kennedy,993,0,Robert,false,robertkennedy
Fun!23,2435921.5,Leblanc,571,0,Robert,true,robertleblanc
Fun!23,2960840.75,Lyons,92,0,Robert,false,robertlyons
Fun!23,2245113.8,Park,224,0,Robert,true,robertpark
Fun!23,2883525.71,Preston,103,0,Robert,true,robertpreston
Fun!23,2377502,Wang,949,0,Robert,false,robertwang
Fun!23,2112036.44,Wilson,358,0,Robert,false,robertwilson
Fun!23,1513515.79,Wu,257,0,Robert,false,robertwu
Fun!23,1898813.47,Gutierrez,226,0,Roberto,true,robertogutierrez
Fun!23,2782179.98,Watson,525,0,Robin,true,robinwatson
Fun!23,1975972.13,Wilson,846,0,Robin,false,robinwilson
Fun!23,2602020.84,Berg,556,0,Rodney,true,rodneyberg
Fun!23,2180878.74,Mcneil,742,0,Rodney,false,rodneymcneil
Fun!23,2265458.8,Moss,905,0,Rodney,true,rodneymoss
Fun!23,1478351.83,Casey,963,0,Roger,true,rogercasey
Fun!23,2453448.85,Bond,626,0,Ronald,true,ronaldbond
Fun!23,2810392.01,Kent,339,0,Ronald,true,ronaldkent
Fun!23,1468377.17,Martinez,947,0,Ronald,true,ronaldmartinez
Fun!23,2373450.67,Parker,136,0,Ronald,true,ronaldparker
Fun!23,1224836.27,Burgess,646,0,Rose,false,roseburgess
Fun!23,1071982.74,Edwards,401,0,Ruben,false,rubenedwards
Fun!23,2737275.24,AvilaRodriguez,43,0,Ruth,true,ruthavilarodriguez
Fun!23,1455939.87,Ponce,926,0,Ruth,false,ruthponce
Fun!23,2410617.48,Bowman,547,0,Ryan,true,ryanbowman
Fun!23,1449789.04,Brown,529,0,Ryan,true,ryanbrown
Fun!23,2048282.04,Mcconnell,299,0,Ryan,true,ryanmcconnell
Fun!23,1634238.29,Peterson,1000,0,Ryan,true,ryanpeterson
Fun!23,1128924.77,Rush,89,0,Ryan,true,ryanrush
Fun!23,2655528.18,Sullivan,549,0,Ryan,true,ryansullivan
Fun!23,2600105.09,Washington,955,0,Ryan,true,ryanwashington
Fun!23,2829479.95,Wilkins,445,0,Ryan,false,ryanwilkins
Fun!23,2537184.62,Nguyen,778,0,Sabrina,true,sabrinanguyen
Fun!23,2658409.99,RoblesHerrera,76,0,Salvador,true,salvadorroblesherrera
Fun!23,1087152.68,Cooper,484,0,Samantha,false,samanthacooper
Fun!23,2241418.96,Howell,197,0,Samantha,false,samanthahowell
Fun!23,2485885.84,May,234,0,Samantha,true,samanthamay
Fun!23,1188961.28,Thomas,436,0,Samantha,false,samanthathomas
Fun!23,2747287.71,Burton,977,0,Samuel,false,samuelburton
Fun!23,2890421.08,Harrington,174,0,Samuel,true,samuelharrington
Fun!23,1670063.84,Newton,839,0,Sandra,false,sandranewton
Fun!23,2427340.61,Rogers,173,0,Sandra,true,sandrarogers
Fun!23,1149881.05,Sutton,867,0,Sandra,true,sandrasutton
Fun!23,2178523.08,Blackwell,747,0,Sandy,true,sandyblackwell
Fun!23,1144229.21,Fox,761,0,Sara,true,sarafox
Fun!23,2174278.41,West,981,0,Sara,false,sarawest
Fun!23,2409522.37,Anderson,597,0,Sarah,false,sarahanderson
Fun!23,1532409.17,Cline,606,0,Sarah,false,sarahcline
Fun!23,2515286.64,Griffin,682,0,Sarah,true,sarahgriffin
Fun!23,2416493.59,Jones,668,0,Sarah,false,sarahjones
Fun!23,1152799.12,Mosley,350,0,Sarah,false,sarahmosley
Fun!23,2284005.49,Stanton,833,0,Sarah,false,sarahstanton
Fun!23,1228242.69,Taylor,928,0,Sarah,false,sarahtaylor
Fun!23,2329504.5,Lion,23,0,Scar,false,scarlion
Fun!23,2900336.45,Bailey,635,0,Scott,false,scottbailey
Fun!23,1969053.1,Dunn,663,0,Scott,true,scottdunn
Fun!23,1098169.92,Rose,398,0,Scott,false,scottrose
Fun!23,2721715.1,Hernandez,722,0,Sean,true,seanhernandez
Fun!23,1569962.39,Hull,405,0,Sean,true,seanhull
Fun!23,1054047.04,Klein,95,0,Sean,true,seanklein
Fun!23,2138133.85,Medina,141,0,Sean,false,seanmedina
Fun!23,1605726.52,Roberts,118,0,Sean,false,seanroberts
Fun!23,1886851.61,Smith,772,0,Sean,false,seansmith
Fun!23,2680836.33,Sias,81,0,Seth,false,sethsias
Fun!23,1778046.46,Arnold,379,0,Shane,true,shanearnold
Fun!23,2564499.37,Miller,130,0,Shane,false,shanemiller
Fun!23,1685743.03,Avery,229,0,Shannon,true,shannonavery
Fun!23,2272003.7,Bennett,273,0,Shannon,false,shannonbennett
Fun!23,1872802.79,Holden,177,0,Shannon,false,shannonholden
Fun!23,1557666.81,White,601,0,Shannon,false,shannonwhite
Fun!23,1450208.25,Castillo,941,0,Sharon,true,sharoncastillo
Fun!23,1534292.67,Gillespie,935,0,Sharon,false,sharongillespie
Fun!23,2345604.19,Miller,200,0,Sharon,true,sharonmiller
Fun!23,1555828.75,Lee,812,0,Shawn,true,shawnlee
Fun!23,1260775.04,Santos,995,0,Shawn,true,shawnsantos
Fun!23,2102172.15,Lewis,211,0,Sheila,false,sheilalewis
Fun!23,1591777.72,Jones,1035,0,Shelly,true,shellyjones
Fun!23,1314615.8,Khan,26,0,Shere,false,sherekhan
Fun!23,1249219.97,Adams,584,0,Sheri,false,sheriadams
Fun!23,2297126.65,Armstrong,627,0,Sherri,true,sherriarmstrong
Fun!23,2327685.01,Velasquez,535,0,Sherri,true,sherrivelasquez
Fun!23,1472991.16,Mora,864,0,Sherry,false,sherrymora
Fun!23,1674329.55,Foster,208,0,Shirley,false,shirleyfoster
Fun!23,1414286.98,Disney,12,0,Simba,false,simbadisney
Fun!23,1385663.07,King,24,0,Simba,false,simbaking
Fun!23,1476580.89,Durham,873,0,Sonia,false,soniadurham
Fun!23,2177554.04,Paul,328,0,Stacey,true,staceypaul
Fun!23,1658036.24,Maldonado,986,0,Stacy,true,stacymaldonado
Fun!23,2740050.79,Harris,153,0,Stephanie,false,stephanieharris
Fun!23,1245248.07,Kirby,656,0,Stephanie,false,stephaniekirby
Fun!23,2365073.2,Mcdonald,96,0,Stephanie,true,stephaniemcdonald
Fun!23,1003557.52,Obrien,798,0,Stephanie,false,stephanieobrien
Fun!23,2019023.04,Perry,976,0,Stephanie,false,stephanieperry
Fun!23,1935280.03,Williams,887,0,Stephanie,true,stephaniewilliams
Fun!23,2514609.45,Ellis,121,0,Stephen,false,stephenellis
Fun!23,2799750.07,Peters,1027,0,Stephen,true,stephenpeters
Fun!23,1908070.22,Villegas,298,0,Stephen,true,stephenvillegas
Fun!23,2227627.9,Cabrera,440,0,Steven,false,stevencabrera
Fun!23,1858027.11,Hartman,660,0,Steven,false,stevenhartman
Fun!23,1997918.8,Hernandez,510,0,Steven,false,stevenhernandez
Fun!23,2364082.23,Miller,918,0,Steven,false,stevenmiller
Fun!23,1462967.4,Owens,487,0,Steven,true,stevenowens
Fun!23,1371593.48,Disney,36,0,Stitch,false,stitchdisney
Fun!23,2217508.49,Allen,270,0,Susan,true,susanallen
Fun!23,2674990.53,Alvarez,213,0,Susan,true,susanalvarez
Fun!23,2220638.22,Davis,294,0,Susan,false,susandavis
Fun!23,2314024.11,Garcia,277,0,Susan,true,susangarcia
Fun!23,1958637.97,Hill,160,0,Susan,false,susanhill
Fun!23,1795336.04,Humphrey,256,0,Susan,false,susanhumphrey
Fun!23,1463707.8,PerezJuarez,71,0,Susana,true,susanaperezjuarez
Fun!23,2302753.04,Kennedy,944,0,Suzanne,true,suzannekennedy
Fun!23,1855313.72,Alexander,293,0,Tami,true,tamialexander
Fun!23,1834661.49,Weaver,508,0,Tami,true,tamiweaver
Fun!23,2482794.04,Martinez,286,0,Tammy,false,tammymartinez
Fun!23,1054953.57,Thomas,1004,0,Tammy,true,tammythomas
Fun!23,2567732.23,Waters,970,0,Tammy,true,tammywaters
Fun!23,1088390.09,Davis,271,0,Tanya,false,tanyadavis
Fun!23,1298276.56,Johnson,807,0,Tanya,false,tanyajohnson
Fun!23,2832101,Kent,393,0,Tanya,false,tanyakent
Fun!23,1666669.67,Turner,822,0,Tanya,false,tanyaturner
Fun!23,2765922.63,Rodriguez,450,0,Tara,true,tararodriguez
Fun!23,1743870.02,Johnson,1033,0,Taylor,false,taylorjohnson
Fun!23,2759727.06,Gardner,657,0,Teresa,false,teresagardner
Fun!23,1525158.05,Jacobs,380,0,Teresa,true,teresajacobs
Fun!23,1109885.63,Stewart,711,0,Teresa,true,teresastewart
Fun!23,1291571.02,Taylor,788,0,Teresa,true,teresataylor
Fun!23,2593598.12,Dixon,972,0,Terrence,true,terrencedixon
Fun!23,1601813.71,Mendez,410,0,Terri,true,terrimendez
Fun!23,1429590.11,Strickland,475,0,Terri,false,terristrickland
Fun!23,2595351.69,Clark,579,0,Theresa,false,theresaclark
Fun!23,1187414.08,Hardy,468,0,Theresa,false,theresahardy
Fun!23,2502266.27,Macias,300,0,Theresa,true,theresamacias
Fun!23,1566138.71,Obrien,107,0,Theresa,true,theresaobrien
Fun!23,1790550.29,Bonilla,477,0,Thomas,true,thomasbonilla
Fun!23,2379387.35,Clark,138,0,Thomas,true,thomasclark
Fun!23,1143946.36,Elliott,382,0,Thomas,false,thomaselliott
Fun!23,2607910.8,Hall,708,0,Thomas,true,thomashall
Fun!23,2689170.18,King,168,0,Thomas,false,thomasking
Fun!23,1066702.94,Sanders,706,0,Thomas,true,thomassanders
Fun!23,2333458.21,Stevenson,1018,0,Thomas,false,thomasstevenson
Fun!23,1211548.84,Davis,523,0,Tiffany,true,tiffanydavis
Fun!23,2895960.37,Jones,759,0,Tiffany,true,tiffanyjones
Fun!23,1722916.82,May,426,0,Tiffany,true,tiffanymay
Fun!23,2505860.36,Bernard,693,0,Timothy,false,timothybernard
Fun!23,1856063.09,Greene,989,0,Timothy,true,timothygreene
Fun!23,2216056.94,Johnson,790,0,Timothy,false,timothyjohnson
Fun!23,2231359.81,Jones,713,0,Timothy,false,timothyjones
Fun!23,2514490.4,Romero,217,0,Timothy,false,timothyromero
Fun!23,1380900.1,Wagner,1025,0,Timothy,true,timothywagner
Fun!23,1027116.89,Brooks,143,0,Todd,false,toddbrooks
Fun!23,1398194.75,Perez,90,0,Tom,true,tomperez
Fun!23,1333463.15,Elliott,1019,0,Tonya,false,tonyaelliott
Fun!23,1095275.05,Fitzgerald,786,0,Tracy,false,tracyfitzgerald
Fun!23,2216087.51,Burton,692,0,Travis,false,travisburton
Fun!23,1517229.76,Mcdonald,110,0,Travis,false,travismcdonald
Fun!23,1704832.44,Ruiz,377,0,Travis,false,travisruiz
Fun!23,2580833.72,Young,456,0,Trevor,false,trevoryoung
Fun!23,1069511.87,Baxter,618,0,Tyler,true,tylerbaxter
Fun!23,1039185.33,Evans,930,0,Tyler,true,tylerevans
Fun!23,2890441.82,Alvarado,881,0,Tyrone,false,tyronealvarado
Fun!23,2614603.88,Johnston,679,0,Tyrone,true,tyronejohnston
Fun!23,2966046.72,Mermaid,19,0,Ursela,false,urselamermaid
Fun!23,1914591.97,Duron,50,0,Valeria,false,valeriaduron
Fun!23,2642097.19,Moore,348,0,Valerie,false,valeriemoore
Fun!23,2615471.32,Carson,1029,0,Vanessa,true,vanessacarson
Fun!23,2329607.01,Watson,614,0,Vanessa,true,vanessawatson
Fun!23,2010291.14,Anderson,840,0,Victor,false,victoranderson
Fun!23,2384662.16,Cabral,46,0,Victor,false,victorcabral
Fun!23,1963089.24,Harris,717,0,Victor,false,victorharris
Fun!23,2225014.96,HerreraVidales,58,0,Victor,true,victorherreravidales
Fun!23,2350981.45,Ross,603,0,Victor,false,victorross
Fun!23,1985786.02,Ellis,908,0,Victoria,false,victoriaellis
Fun!23,2946881.53,Martin,151,0,Victoria,true,victoriamartin
Fun!23,2910591.71,Moses,524,0,Victoria,false,victoriamoses
Fun!23,2653498.59,White,837,0,Victoria,true,victoriawhite
Fun!23,1281083.01,Harrison,961,0,Vincent,false,vincentharrison
Fun!23,2411605.09,Phelps,215,0,Virginia,false,virginiaphelps
Fun!23,2490633.22,Campos,514,0,Wendy,true,wendycampos
Fun!23,1285307.79,Montoya,869,0,Wendy,false,wendymontoya
Fun!23,1575646.86,Phillips,1030,0,Wendy,false,wendyphillips
Fun!23,2764474.78,Stanton,467,0,Wendy,true,wendystanton
Fun!23,1417431.18,Lambert,478,0,Wesley,true,wesleylambert
Fun!23,2645244.62,Williamson,702,0,Wesley,true,wesleywilliamson
Fun!23,2722350.14,Adkins,727,0,William,false,williamadkins
Fun!23,1815516,Evans,552,0,William,false,williamevans
Fun!23,1749829.25,Hunter,266,0,William,true,williamhunter
Fun!23,1511616.88,Ortiz,675,0,William,false,williamortiz
Fun!23,2416435.92,Rice,764,0,William,false,williamrice
Fun!23,2890367.77,Wolf,355,0,William,false,williamwolf
Fun!23,1123420.16,Hobbs,728,0,Willie,true,williehobbs
Fun!23,1835918,Disney,16,0,Woody,false,woodydisney
Fun!23,2332701.42,Parada,70,0,Ximena,true,ximenaparada
Fun!23,1664466.27,Campbell,988,0,Zachary,true,zacharycampbell
Fun!23,1707355.32,Ellison,205,0,Zachary,true,zacharyellison
Fun!23,2837383.42,Tran,412,0,Zachary,true,zacharytran